{
  "asta.sword.deflect": {
    "sounds": [
      "suit/asta_sword_deflect"
    ],
    "category": "player"
  },
  "black.divider": {
    "sounds": [
      "suit/black_divider"
    ],
    "category": "player"
  },
  "black.form": {
    "sounds": [
      "suit/black_form"
    ],
    "category": "player"
  },
  "black.hurricane": {
    "sounds": [
      "suit/black_hurricane"
    ],
    "category": "player"
  },
  "book.open": {
    "sounds": [
      "suit/book_open"
    ],
    "category": "player"
  },
  "sword.summon": {
    "sounds": [
      "suit/sword_summon"
    ],
    "category": "player"
  },
  "luffy.arm.stretch": {
    "sounds": [
      "suit/luffy_arm_stretch"
    ],
    "category": "player"
  },
  "luffy.arm.return": {
    "sounds": [
      "suit/luffy_arm_return"
    ],
    "category": "player"
  },
  "boom.balloon": {
    "sounds": [
      "suit/boom_balloon"
    ],
    "category": "player"
  },
  "boom.balloon.release": {
    "sounds": [
      "suit/boom_balloon_release"
    ],
    "category": "player"  
  },
  "third.gear": {
    "sounds": [
      "suit/third_gear"
    ],
    "category": "player"
  },
  "second.gear": {
    "sounds": [
      "suit/second_gear"
    ],
    "category": "player"
  },
  "second.gear.steam.loop": {
    "sounds": [
      "suit/second_gear_steam_loop"
    ],
    "category": "player"     
  },
  "gum.gum.gatling": {
    "sounds": [
      "suit/gum_gum_gatling"
    ],
    "category": "player"
  },
  "gum.gum.jet.gatling": {
    "sounds": [
      "suit/gum_gum_jet_gatling"
    ],
    "category": "player"  
  }
}