{
  "asta.sword.deflect": {
    "sounds": [
      "suit/asta_sword_deflect"
    ],
    "category": "player"
  },
  "black.divider": {
    "sounds": [
      "suit/black_divider"
    ],
    "category": "player"
  },
  "black.form": {
    "sounds": [
      "suit/black_form"
    ],
    "category": "player"
  },
  "black.hurricane": {
    "sounds": [
      "suit/black_hurricane"
    ],
    "category": "player"
  },
  "book.open": {
    "sounds": [
      "suit/book_open"
    ],
    "category": "player"
  },
  "sword.summon": {
    "sounds": [
      "suit/sword_summon"
    ],
    "category": "player"
  },
  "luffy.arm.stretch": {
    "sounds": [
      "suit/luffy_arm_stretch"
    ],
    "category": "player"
  }
}